timestep,id,x,y
1,1,25,25
1,2,25,26
1,3,25,27
1,4,26,25
1,5,26,26
1,6,26,27
1,7,27,25
1,8,27,26
1,9,27,27
2,1,24,25
2,2,24,26
2,3,24,28
2,4,25,24
2,5,25,26
2,6,25,27
2,7,26,26
2,8,26,27
2,9,27,26
3,1,24,24
3,2,23,27
3,3,23,29
3,4,25,23
3,5,26,25
3,6,25,28
3,7,25,25
3,8,27,27
3,9,26,26
4,1,23,23
4,2,23,28
4,3,24,30
4,4,26,24
4,5,25,24
4,6,24,28
4,7,24,25
4,8,27,28
4,9,25,25
5,1,24,23
5,2,22,27
5,3,25,31
5,4,27,24
5,5,26,23
5,6,25,27
5,7,23,24
5,8,28,27
5,9,25,24
6,1,25,23
6,2,21,28
6,3,26,32
6,4,27,25
6,5,27,23
6,6,24,27
6,7,24,23
6,8,29,27
6,9,26,25
7,1,25,22
7,2,22,28
7,3,27,32
7,4,27,26
7,5,26,24
7,6,24,28
7,7,24,24
7,8,28,28
7,9,27,25
8,1,24,21
8,2,21,28
8,3,27,33
8,4,26,26
8,5,25,23
8,6,24,27
8,7,24,23
8,8,27,28
8,9,28,26
9,1,25,20
9,2,22,27
9,3,27,34
9,4,26,27
9,5,25,24
9,6,25,26
9,7,25,23
9,8,26,29
9,9,27,27
10,1,26,21
10,2,22,26
10,3,26,33
10,4,26,28
10,5,26,23
10,6,26,25
10,7,24,23
10,8,27,30
10,9,26,27
11,1,25,22
11,2,23,27
11,3,26,32
11,4,25,27
11,5,27,24
11,6,25,24
11,7,25,23
11,8,28,31
11,9,26,26
12,1,24,21
12,2,24,27
12,3,27,33
12,4,24,28
12,5,26,25
12,6,25,25
12,7,24,23
12,8,29,32
12,9,27,26
13,1,25,21
13,2,23,27
13,3,26,32
13,4,24,29
13,5,26,26
13,6,26,25
13,7,23,23
13,8,28,31
13,9,27,25
14,1,25,20
14,2,23,28
14,3,25,32
14,4,25,28
14,5,25,27
14,6,27,26
14,7,23,22
14,8,27,30
14,9,26,25
15,1,26,20
15,2,22,29
15,3,26,32
15,4,24,27
15,5,24,26
15,6,27,27
15,7,24,22
15,8,26,30
15,9,26,26
16,1,26,21
16,2,23,28
16,3,27,32
16,4,25,26
16,5,24,27
16,6,27,28
16,7,25,22
16,8,27,31
16,9,27,25
17,1,27,22
17,2,24,29
17,3,26,31
17,4,26,26
17,5,24,28
17,6,27,27
17,7,24,23
17,8,27,30
17,9,27,26
18,1,26,23
18,2,25,30
18,3,26,30
18,4,26,27
18,5,23,27
18,6,26,26
18,7,23,23
18,8,28,29
18,9,28,25
19,1,26,24
19,2,26,31
19,3,27,29
19,4,26,28
19,5,24,26
19,6,27,26
19,7,23,22
19,8,28,28
19,9,27,25
20,1,25,24
20,2,27,32
20,3,26,29
20,4,25,27
20,5,23,26
20,6,26,27
20,7,24,22
20,8,27,27
20,9,28,25
21,1,26,24
21,2,27,33
21,3,27,30
21,4,24,26
21,5,23,27
21,6,27,28
21,7,25,22
21,8,26,26
21,9,29,24
22,1,25,23
22,2,26,34
22,3,28,29
22,4,25,27
22,5,22,26
22,6,28,27
22,7,26,21
22,8,25,25
22,9,28,23
23,1,24,22
23,2,27,35
23,3,29,28
23,4,25,28
23,5,21,26
23,6,29,27
23,7,25,21
23,8,24,24
23,9,29,24
24,1,25,23
24,2,26,34
24,3,29,29
24,4,24,29
24,5,22,25
24,6,30,27
24,7,26,22
24,8,25,25
24,9,30,23
25,1,25,24
25,2,25,34
25,3,29,28
25,4,23,29
25,5,22,24
25,6,30,28
25,7,26,23
25,8,26,25
25,9,31,22
26,1,24,24
26,2,26,33
26,3,30,27
26,4,24,30
26,5,23,23
26,6,31,28
26,7,27,23
26,8,26,24
26,9,32,23
27,1,23,25
27,2,25,32
27,3,29,28
27,4,24,29
27,5,22,24
27,6,32,29
27,7,26,23
27,8,27,24
27,9,33,24
28,1,22,26
28,2,24,32
28,3,29,27
28,4,25,28
28,5,23,24
28,6,32,30
28,7,27,23
28,8,26,24
28,9,33,25
29,1,22,25
29,2,25,32
29,3,30,27
29,4,26,29
29,5,24,24
29,6,31,30
29,7,26,23
29,8,25,24
29,9,32,25
30,1,21,24
30,2,24,32
30,3,30,26
30,4,26,28
30,5,24,25
30,6,31,29
30,7,26,24
30,8,26,25
30,9,32,24
31,1,20,24
31,2,23,31
31,3,29,26
31,4,25,27
31,5,25,25
31,6,32,28
31,7,25,23
31,8,25,24
31,9,32,23
32,1,19,23
32,2,23,32
32,3,29,27
32,4,24,28
32,5,26,24
32,6,33,27
32,7,25,22
32,8,24,25
32,9,33,24
33,1,18,24
33,2,24,32
33,3,28,27
33,4,24,29
33,5,27,24
33,6,32,28
33,7,24,22
33,8,25,25
33,9,32,24
34,1,17,23
34,2,24,31
34,3,29,28
34,4,23,30
34,5,27,23
34,6,31,27
34,7,25,23
34,8,24,24
34,9,31,24
35,1,16,23
35,2,23,32
35,3,28,29
35,4,24,29
35,5,26,22
35,6,32,27
35,7,26,24
35,8,25,25
35,9,32,24
36,1,17,22
36,2,24,33
36,3,27,29
36,4,25,28
36,5,25,22
36,6,32,26
36,7,27,25
36,8,26,25
36,9,33,24
37,1,18,23
37,2,25,33
37,3,26,30
37,4,26,28
37,5,26,21
37,6,31,27
37,7,26,26
37,8,25,26
37,9,33,23
38,1,17,22
38,2,24,34
38,3,25,29
38,4,26,27
38,5,25,21
38,6,32,28
38,7,27,26
38,8,24,27
38,9,32,24
39,1,16,23
39,2,25,34
39,3,24,28
39,4,26,28
39,5,26,20
39,6,33,29
39,7,28,25
39,8,25,28
39,9,33,23
40,1,17,24
40,2,26,35
40,3,23,27
40,4,26,27
40,5,25,19
40,6,34,30
40,7,29,24
40,8,25,27
40,9,32,23
41,1,18,25
41,2,27,34
41,3,22,26
41,4,27,28
41,5,26,20
41,6,35,30
41,7,28,25
41,8,24,27
41,9,31,23
42,1,17,24
42,2,28,35
42,3,23,26
42,4,28,28
42,5,25,19
42,6,34,31
42,7,28,26
42,8,25,26
42,9,31,22
43,1,16,23
43,2,29,35
43,3,24,25
43,4,28,29
43,5,25,18
43,6,35,31
43,7,27,25
43,8,24,26
43,9,31,23
44,1,15,22
44,2,30,34
44,3,23,24
44,4,27,30
44,5,25,17
44,6,34,31
44,7,26,26
44,8,25,26
44,9,31,22
45,1,16,21
45,2,29,33
45,3,23,23
45,4,26,30
45,5,24,17
45,6,33,32
45,7,25,25
45,8,24,25
45,9,32,23
46,1,16,20
46,2,30,33
46,3,23,22
46,4,25,31
46,5,23,18
46,6,32,31
46,7,24,24
46,8,23,25
46,9,33,24
47,1,17,21
47,2,29,33
47,3,22,22
47,4,25,32
47,5,24,19
47,6,31,30
47,7,24,25
47,8,22,25
47,9,34,24
48,1,16,21
48,2,30,34
48,3,21,23
48,4,25,31
48,5,23,20
48,6,32,29
48,7,25,25
48,8,21,26
48,9,33,24
49,1,16,20
49,2,31,35
49,3,21,24
49,4,25,32
49,5,22,21
49,6,31,30
49,7,24,25
49,8,20,25
49,9,33,25
50,1,16,21
50,2,31,36
50,3,21,23
50,4,24,33
50,5,22,20
50,6,32,31
50,7,25,25
50,8,19,26
50,9,34,24
51,1,15,21
51,2,32,36
51,3,20,22
51,4,24,32
51,5,23,20
51,6,31,30
51,7,25,24
51,8,18,26
51,9,33,25
52,1,14,20
52,2,33,37
52,3,20,23
52,4,25,32
52,5,24,20
52,6,32,30
52,7,24,25
52,8,18,25
52,9,32,24
53,1,15,19
53,2,32,38
53,3,20,24
53,4,26,32
53,5,24,19
53,6,31,30
53,7,25,26
53,8,19,25
53,9,33,24
54,1,16,19
54,2,32,37
54,3,20,25
54,4,26,33
54,5,25,20
54,6,30,30
54,7,24,25
54,8,20,24
54,9,34,24
55,1,17,20
55,2,33,37
55,3,19,26
55,4,27,34
55,5,25,21
55,6,31,31
55,7,24,24
55,8,20,25
55,9,33,25
56,1,16,21
56,2,33,36
56,3,18,26
56,4,28,35
56,5,26,20
56,6,32,30
56,7,25,25
56,8,20,26
56,9,32,26
57,1,16,20
57,2,34,37
57,3,17,26
57,4,29,35
57,5,27,21
57,6,31,30
57,7,26,24
57,8,21,27
57,9,32,27
58,1,16,21
58,2,33,37
58,3,17,27
58,4,30,34
58,5,26,21
58,6,30,30
58,7,27,25
58,8,22,26
58,9,31,26
59,1,16,22
59,2,33,38
59,3,16,28
59,4,29,33
59,5,26,20
59,6,29,30
59,7,27,24
59,8,23,27
59,9,32,26
60,1,15,23
60,2,34,37
60,3,16,29
60,4,28,33
60,5,25,21
60,6,29,31
60,7,26,23
60,8,22,28
60,9,33,26
61,1,14,24
61,2,33,38
61,3,15,29
61,4,27,33
61,5,24,21
61,6,29,32
61,7,26,24
61,8,23,27
61,9,32,27
62,1,14,23
62,2,32,37
62,3,16,29
62,4,27,34
62,5,25,20
62,6,28,33
62,7,27,23
62,8,22,28
62,9,33,26
63,1,15,24
63,2,33,38
63,3,16,28
63,4,27,33
63,5,24,20
63,6,29,34
63,7,28,24
63,8,21,27
63,9,33,27
64,1,15,23
64,2,34,37
64,3,15,29
64,4,26,32
64,5,25,20
64,6,29,33
64,7,29,24
64,8,22,27
64,9,34,26
65,1,16,23
65,2,33,36
65,3,14,30
65,4,27,31
65,5,24,20
65,6,29,32
65,7,30,25
65,8,23,28
65,9,33,25
66,1,15,22
66,2,34,36
66,3,15,31
66,4,26,31
66,5,25,19
66,6,30,32
66,7,29,24
66,8,23,29
66,9,32,24
67,1,16,23
67,2,35,35
67,3,14,32
67,4,27,31
67,5,25,18
67,6,29,33
67,7,29,25
67,8,23,30
67,9,32,23
68,1,16,22
68,2,34,36
68,3,13,33
68,4,28,31
68,5,26,18
68,6,28,33
68,7,28,24
68,8,22,31
68,9,32,22
69,1,15,23
69,2,33,37
69,3,13,34
69,4,27,30
69,5,25,17
69,6,29,33
69,7,29,23
69,8,21,30
69,9,32,21
70,1,16,23
70,2,32,37
70,3,14,33
70,4,27,31
70,5,25,18
70,6,28,33
70,7,28,22
70,8,21,29
70,9,31,21
71,1,15,23
71,2,31,36
71,3,13,32
71,4,26,32
71,5,24,17
71,6,27,32
71,7,29,21
71,8,20,30
71,9,30,20
72,1,16,22
72,2,31,37
72,3,12,32
72,4,25,31
72,5,25,17
72,6,28,31
72,7,30,22
72,8,20,31
72,9,31,21
73,1,17,22
73,2,32,36
73,3,12,33
73,4,24,30
73,5,26,17
73,6,28,32
73,7,29,23
73,8,20,32
73,9,32,22
74,1,18,21
74,2,32,37
74,3,11,32
74,4,24,31
74,5,25,17
74,6,27,31
74,7,28,24
74,8,19,32
74,9,33,22
75,1,18,20
75,2,32,36
75,3,12,33
75,4,25,30
75,5,26,17
75,6,28,31
75,7,29,25
75,8,20,32
75,9,32,22
76,1,17,20
76,2,31,35
76,3,13,33
76,4,26,30
76,5,25,17
76,6,29,30
76,7,29,24
76,8,19,31
76,9,32,21
77,1,17,19
77,2,32,34
77,3,12,32
77,4,27,31
77,5,26,16
77,6,28,29
77,7,28,23
77,8,19,32
77,9,32,22
78,1,17,20
78,2,31,33
78,3,13,32
78,4,28,30
78,5,27,15
78,6,27,30
78,7,27,23
78,8,18,31
78,9,32,21
79,1,18,21
79,2,32,34
79,3,14,31
79,4,29,31
79,5,28,15
79,6,26,31
79,7,26,24
79,8,19,30
79,9,33,22
80,1,19,21
80,2,33,35
80,3,14,32
80,4,28,31
80,5,27,16
80,6,25,30
80,7,26,25
80,8,20,30
80,9,34,21
81,1,20,22
81,2,32,35
81,3,15,31
81,4,27,32
81,5,27,15
81,6,24,30
81,7,26,24
81,8,21,31
81,9,35,20
82,1,21,22
82,2,32,34
82,3,14,31
82,4,27,31
82,5,26,16
82,6,25,30
82,7,27,24
82,8,22,31
82,9,34,21
83,1,20,21
83,2,33,33
83,3,13,30
83,4,27,32
83,5,25,16
83,6,25,31
83,7,28,23
83,8,22,30
83,9,34,22
84,1,21,21
84,2,34,34
84,3,13,31
84,4,27,31
84,5,24,17
84,6,26,30
84,7,29,23
84,8,23,31
84,9,34,21
85,1,22,20
85,2,35,34
85,3,14,31
85,4,28,30
85,5,25,17
85,6,27,31
85,7,30,24
85,8,24,30
85,9,35,20
86,1,23,21
86,2,36,34
86,3,15,31
86,4,27,30
86,5,26,18
86,6,26,32
86,7,31,25
86,8,25,29
86,9,36,21
87,1,24,20
87,2,36,35
87,3,15,30
87,4,26,31
87,5,25,19
87,6,26,33
87,7,32,25
87,8,26,28
87,9,37,21
88,1,23,21
88,2,35,35
88,3,15,29
88,4,27,31
88,5,25,18
88,6,25,32
88,7,33,26
88,8,26,27
88,9,36,21
89,1,23,22
89,2,35,36
89,3,15,30
89,4,26,32
89,5,25,19
89,6,24,33
89,7,34,27
89,8,27,27
89,9,37,20
90,1,23,21
90,2,35,35
90,3,16,31
90,4,27,32
90,5,25,20
90,6,25,34
90,7,33,27
90,8,26,26
90,9,37,19
91,1,22,20
91,2,36,35
91,3,15,30
91,4,26,31
91,5,24,21
91,6,26,34
91,7,34,28
91,8,25,25
91,9,38,20
92,1,22,21
92,2,37,35
92,3,16,29
92,4,26,30
92,5,24,22
92,6,26,35
92,7,34,27
92,8,24,26
92,9,39,20
93,1,21,20
93,2,37,34
93,3,17,30
93,4,26,29
93,5,25,22
93,6,25,34
93,7,33,26
93,8,24,27
93,9,39,19
94,1,21,21
94,2,36,34
94,3,16,29
94,4,26,30
94,5,25,23
94,6,25,33
94,7,34,27
94,8,25,26
94,9,40,20
95,1,22,21
95,2,36,33
95,3,16,28
95,4,26,29
95,5,26,22
95,6,26,32
95,7,35,27
95,8,25,25
95,9,39,19
96,1,23,22
96,2,37,34
96,3,15,29
96,4,27,29
96,5,26,21
96,6,25,33
96,7,36,28
96,8,26,24
96,9,38,18
97,1,23,21
97,2,38,34
97,3,14,30
97,4,26,29
97,5,27,22
97,6,24,33
97,7,36,27
97,8,25,23
97,9,39,19
98,1,24,22
98,2,37,35
98,3,14,29
98,4,27,28
98,5,27,23
98,6,23,34
98,7,35,28
98,8,26,22
98,9,38,18
99,1,23,21
99,2,38,34
99,3,13,28
99,4,28,29
99,5,27,22
99,6,24,34
99,7,36,29
99,8,25,22
99,9,38,17
100,1,24,22
100,2,38,35
100,3,12,29
100,4,28,28
100,5,26,23
100,6,23,34
100,7,37,28
100,8,25,21
100,9,38,18
101,1,23,23
101,2,37,36
101,3,13,28
101,4,28,27
101,5,26,22
101,6,22,35
101,7,36,29
101,8,24,21
101,9,37,19
102,1,22,23
102,2,36,37
102,3,14,28
102,4,28,28
102,5,26,21
102,6,21,36
102,7,35,28
102,8,25,22
102,9,38,20
103,1,22,22
103,2,36,38
103,3,15,27
103,4,29,28
103,5,25,20
103,6,22,36
103,7,34,28
103,8,24,22
103,9,37,19
104,1,22,23
104,2,35,39
104,3,16,27
104,4,28,27
104,5,24,20
104,6,21,36
104,7,35,29
104,8,25,22
104,9,36,18
105,1,22,24
105,2,36,38
105,3,15,26
105,4,28,28
105,5,25,19
105,6,21,37
105,7,36,30
105,8,26,21
105,9,35,19
106,1,22,23
106,2,35,38
106,3,14,25
106,4,29,27
106,5,25,20
106,6,22,37
106,7,35,29
106,8,27,20
106,9,34,20
107,1,23,22
107,2,34,37
107,3,15,24
107,4,30,27
107,5,26,21
107,6,22,36
107,7,34,28
107,8,26,19
107,9,34,21
108,1,24,23
108,2,34,36
108,3,14,23
108,4,30,28
108,5,27,21
108,6,23,36
108,7,33,27
108,8,26,20
108,9,33,21
109,1,23,22
109,2,34,35
109,3,13,23
109,4,29,27
109,5,28,21
109,6,23,35
109,7,33,26
109,8,25,20
109,9,32,22
110,1,22,23
110,2,35,35
110,3,14,24
110,4,29,26
110,5,28,20
110,6,23,36
110,7,33,25
110,8,24,20
110,9,33,21
111,1,23,22
111,2,35,34
111,3,15,24
111,4,30,26
111,5,27,20
111,6,22,37
111,7,34,26
111,8,25,19
111,9,32,20
112,1,24,22
112,2,36,35
112,3,14,24
112,4,30,25
112,5,27,19
112,6,21,38
112,7,35,26
112,8,24,18
112,9,33,21
113,1,23,21
113,2,35,34
113,3,15,25
113,4,31,24
113,5,28,18
113,6,20,39
113,7,34,27
113,8,25,17
113,9,34,20
114,1,24,21
114,2,34,34
114,3,14,26
114,4,30,24
114,5,28,17
114,6,20,40
114,7,34,26
114,8,24,17
114,9,34,19
115,1,24,22
115,2,35,33
115,3,14,27
115,4,29,24
115,5,28,16
115,6,20,39
115,7,34,25
115,8,25,16
115,9,33,19
116,1,25,22
116,2,36,32
116,3,14,28
116,4,30,23
116,5,28,17
116,6,21,40
116,7,33,25
116,8,26,17
116,9,33,20
117,1,26,21
117,2,36,33
117,3,14,29
117,4,29,22
117,5,28,16
117,6,20,41
117,7,34,24
117,8,27,17
117,9,32,21
118,1,25,21
118,2,35,33
118,3,13,29
118,4,28,22
118,5,28,15
118,6,20,42
118,7,35,25
118,8,26,17
118,9,33,22
119,1,25,22
119,2,34,34
119,3,13,30
119,4,27,23
119,5,27,15
119,6,19,41
119,7,36,26
119,8,27,17
119,9,34,22
120,1,24,21
120,2,33,34
120,3,14,29
120,4,26,24
120,5,26,16
120,6,18,41
120,7,37,25
120,8,28,18
120,9,35,21
121,1,24,20
121,2,34,33
121,3,13,29
121,4,26,25
121,5,26,17
121,6,19,41
121,7,36,25
121,8,27,19
121,9,34,21
122,1,23,19
122,2,35,34
122,3,14,30
122,4,25,26
122,5,25,16
122,6,20,41
122,7,37,24
122,8,28,18
122,9,34,22
123,1,22,18
123,2,36,35
123,3,14,29
123,4,25,25
123,5,26,16
123,6,19,42
123,7,36,24
123,8,28,17
123,9,35,22
124,1,21,17
124,2,36,36
124,3,14,30
124,4,25,24
124,5,27,17
124,6,19,41
124,7,37,23
124,8,28,16
124,9,36,23
125,1,21,16
125,2,35,37
125,3,14,29
125,4,26,23
125,5,27,16
125,6,20,42
125,7,38,23
125,8,28,15
125,9,37,23
126,1,22,17
126,2,34,38
126,3,15,29
126,4,25,24
126,5,27,17
126,6,21,43
126,7,39,24
126,8,28,14
126,9,38,22
127,1,21,18
127,2,34,39
127,3,16,30
127,4,24,24
127,5,28,17
127,6,20,43
127,7,38,25
127,8,28,13
127,9,37,21
128,1,20,19
128,2,33,38
128,3,16,29
128,4,25,23
128,5,29,16
128,6,21,42
128,7,38,26
128,8,29,12
128,9,37,22
129,1,21,19
129,2,32,38
129,3,15,28
129,4,25,22
129,5,30,15
129,6,21,43
129,7,37,26
129,8,30,13
129,9,37,23
130,1,21,20
130,2,32,39
130,3,15,29
130,4,24,21
130,5,29,16
130,6,22,44
130,7,37,27
130,8,30,12
130,9,38,24
131,1,20,21
131,2,33,39
131,3,14,30
131,4,23,21
131,5,30,16
131,6,21,45
131,7,37,26
131,8,31,11
131,9,37,24
132,1,21,20
132,2,34,38
132,3,15,30
132,4,23,20
132,5,29,15
132,6,22,45
132,7,36,25
132,8,32,10
132,9,38,25
133,1,22,21
133,2,34,37
133,3,14,31
133,4,24,20
133,5,29,16
133,6,23,44
133,7,35,26
133,8,33,9
133,9,38,26
134,1,22,20
134,2,34,38
134,3,13,31
134,4,25,19
134,5,28,15
134,6,22,44
134,7,35,27
134,8,34,10
134,9,38,27
135,1,21,21
135,2,35,37
135,3,14,30
135,4,26,20
135,5,28,14
135,6,23,44
135,7,36,26
135,8,33,9
135,9,38,26
136,1,21,20
136,2,35,36
136,3,15,29
136,4,27,19
136,5,29,15
136,6,22,44
136,7,36,25
136,8,32,10
136,9,37,27
137,1,20,19
137,2,34,37
137,3,14,30
137,4,27,20
137,5,28,16
137,6,21,43
137,7,37,24
137,8,33,11
137,9,36,28
138,1,21,20
138,2,33,37
138,3,15,29
138,4,26,19
138,5,29,17
138,6,20,44
138,7,38,24
138,8,34,11
138,9,35,28
139,1,21,21
139,2,32,36
139,3,14,30
139,4,25,18
139,5,29,18
139,6,19,43
139,7,39,24
139,8,35,12
139,9,36,29
140,1,20,22
140,2,31,35
140,3,15,29
140,4,25,19
140,5,30,17
140,6,19,44
140,7,40,24
140,8,36,12
140,9,35,30
141,1,21,21
141,2,32,35
141,3,14,29
141,4,26,18
141,5,30,18
141,6,19,45
141,7,41,25
141,8,36,11
141,9,34,29
142,1,22,22
142,2,31,36
142,3,15,28
142,4,27,17
142,5,31,19
142,6,18,46
142,7,42,25
142,8,36,10
142,9,34,30
143,1,23,22
143,2,32,37
143,3,14,29
143,4,28,17
143,5,31,18
143,6,19,46
143,7,43,25
143,8,37,10
143,9,33,31
144,1,23,23
144,2,33,37
144,3,15,30
144,4,27,16
144,5,32,17
144,6,18,47
144,7,44,24
144,8,38,10
144,9,32,32
145,1,22,23
145,2,32,38
145,3,16,29
145,4,26,17
145,5,32,18
145,6,17,48
145,7,44,23
145,8,39,10
145,9,32,33
146,1,21,24
146,2,31,37
146,3,16,28
146,4,27,18
146,5,32,19
146,6,18,47
146,7,44,22
146,8,40,10
146,9,32,32
147,1,20,25
147,2,30,37
147,3,15,28
147,4,26,17
147,5,31,18
147,6,19,47
147,7,45,23
147,8,41,9
147,9,32,31
148,1,19,26
148,2,31,38
148,3,15,29
148,4,27,16
148,5,32,18
148,6,18,48
148,7,45,24
148,8,41,10
148,9,33,30
149,1,20,25
149,2,30,38
149,3,16,29
149,4,26,16
149,5,33,17
149,6,17,47
149,7,45,23
149,8,40,9
149,9,32,30
150,1,20,26
150,2,29,38
150,3,15,30
150,4,25,17
150,5,32,16
150,6,16,48
150,7,45,24
150,8,40,8
150,9,33,30
151,1,21,26
151,2,28,38
151,3,14,29
151,4,24,17
151,5,32,17
151,6,16,49
151,7,44,23
151,8,39,7
151,9,34,29
152,1,22,27
152,2,28,39
152,3,15,30
152,4,23,17
152,5,33,17
152,6,17,50
152,7,45,24
152,8,40,7
152,9,35,28
153,1,21,26
153,2,28,38
153,3,14,30
153,4,24,17
153,5,34,17
153,6,18,49
153,7,45,23
153,8,41,7
153,9,35,29
154,1,22,26
154,2,27,37
154,3,14,31
154,4,23,16
154,5,35,17
154,6,18,50
154,7,46,23
154,8,41,6
154,9,36,29
155,1,22,25
155,2,26,37
155,3,14,32
155,4,23,15
155,5,34,18
155,6,18,49
155,7,45,24
155,8,40,5
155,9,35,29
156,1,21,25
156,2,27,38
156,3,14,31
156,4,22,14
156,5,35,18
156,6,19,49
156,7,45,25
156,8,39,5
156,9,34,29
157,1,20,25
157,2,27,37
157,3,13,30
157,4,23,14
157,5,36,19
157,6,19,50
157,7,44,25
157,8,40,6
157,9,33,30
158,1,19,25
158,2,28,36
158,3,14,29
158,4,24,14
158,5,35,20
158,6,20,49
158,7,43,25
158,8,41,5
158,9,33,31
159,1,20,24
159,2,27,36
159,3,13,29
159,4,23,15
159,5,36,20
159,6,19,48
159,7,44,24
159,8,42,6
159,9,32,30
160,1,21,24
160,2,27,37
160,3,14,30
160,4,23,16
160,5,35,20
160,6,20,48
160,7,45,23
160,8,41,5
160,9,32,29
161,1,22,25
161,2,28,36
161,3,14,29
161,4,22,16
161,5,36,21
161,6,21,47
161,7,46,22
161,8,40,4
161,9,32,28
162,1,21,24
162,2,27,37
162,3,14,30
162,4,23,15
162,5,36,22
162,6,20,48
162,7,47,21
162,8,39,4
162,9,31,29
163,1,22,24
163,2,28,38
163,3,13,30
163,4,22,16
163,5,35,22
163,6,21,48
163,7,48,20
163,8,40,5
163,9,31,28
164,1,22,23
164,2,28,37
164,3,13,31
164,4,21,17
164,5,34,21
164,6,21,47
164,7,49,21
164,8,41,4
164,9,31,29
165,1,21,24
165,2,27,38
165,3,14,32
165,4,20,16
165,5,35,21
165,6,21,46
165,7,48,21
165,8,40,4
165,9,30,29
166,1,21,25
166,2,26,39
166,3,13,32
166,4,20,15
166,5,35,20
166,6,21,47
166,7,47,22
166,8,39,4
166,9,31,28
167,1,20,25
167,2,27,40
167,3,12,33
167,4,20,14
167,5,34,19
167,6,22,47
167,7,48,23
167,8,40,5
167,9,30,29
168,1,20,24
168,2,26,40
168,3,13,34
168,4,19,14
168,5,33,19
168,6,22,46
168,7,47,23
168,8,40,4
168,9,30,30
169,1,21,25
169,2,26,39
169,3,13,35
169,4,20,13
169,5,34,18
169,6,23,47
169,7,47,24
169,8,39,4
169,9,31,30
170,1,20,24
170,2,27,39
170,3,13,34
170,4,19,14
170,5,34,17
170,6,23,46
170,7,46,24
170,8,38,5
170,9,32,30
171,1,21,23
171,2,28,40
171,3,13,33
171,4,20,13
171,5,33,16
171,6,23,45
171,7,47,25
171,8,37,6
171,9,33,29
172,1,20,24
172,2,28,39
172,3,13,32
172,4,20,12
172,5,32,15
172,6,24,46
172,7,47,24
172,8,37,5
172,9,34,29
173,1,21,23
173,2,27,38
173,3,12,33
173,4,19,12
173,5,33,16
173,6,23,46
173,7,48,23
173,8,36,6
173,9,34,30
174,1,21,22
174,2,26,39
174,3,13,32
174,4,18,12
174,5,34,17
174,6,24,47
174,7,48,24
174,8,35,7
174,9,33,30
175,1,22,23
175,2,27,40
175,3,12,32
175,4,18,11
175,5,34,16
175,6,23,46
175,7,49,24
175,8,36,7
175,9,32,31
176,1,23,24
176,2,28,41
176,3,11,32
176,4,18,12
176,5,35,16
176,6,24,47
176,7,50,23
176,8,37,7
176,9,33,32
177,1,24,24
177,2,27,42
177,3,10,33
177,4,17,13
177,5,36,17
177,6,23,46
177,7,49,23
177,8,36,8
177,9,32,33
178,1,25,23
178,2,27,41
178,3,9,34
178,4,18,13
178,5,35,16
178,6,24,47
178,7,48,22
178,8,35,9
178,9,31,32
179,1,26,24
179,2,27,42
179,3,9,33
179,4,18,14
179,5,36,16
179,6,25,48
179,7,49,23
179,8,36,10
179,9,32,33
180,1,26,23
180,2,26,43
180,3,9,34
180,4,18,13
180,5,37,15
180,6,26,48
180,7,50,24
180,8,35,11
180,9,31,33
181,1,27,23
181,2,27,43
181,3,9,35
181,4,17,13
181,5,38,14
181,6,26,47
181,7,49,25
181,8,34,12
181,9,30,32
182,1,28,23
182,2,28,43
182,3,10,34
182,4,17,14
182,5,39,13
182,6,27,47
182,7,49,24
182,8,35,13
182,9,29,33
183,1,28,22
183,2,28,42
183,3,10,35
183,4,18,13
183,5,38,13
183,6,28,46
183,7,48,23
183,8,34,12
183,9,28,33
184,1,29,23
184,2,29,42
184,3,10,34
184,4,19,13
184,5,39,13
184,6,29,45
184,7,48,22
184,8,33,13
184,9,29,33
185,1,28,22
185,2,30,43
185,3,9,34
185,4,18,12
185,5,38,14
185,6,30,46
185,7,49,22
185,8,34,12
185,9,28,32
186,1,28,21
186,2,31,42
186,3,8,35
186,4,18,13
186,5,37,15
186,6,29,47
186,7,50,21
186,8,34,11
186,9,28,31
187,1,29,20
187,2,30,43
187,3,7,36
187,4,17,12
187,5,36,16
187,6,30,47
187,7,50,20
187,8,34,10
187,9,29,32
188,1,30,19
188,2,30,42
188,3,8,35
188,4,16,12
188,5,37,16
188,6,31,47
188,7,50,21
188,8,33,11
188,9,29,31
189,1,31,19
189,2,29,41
189,3,7,34
189,4,15,13
189,5,38,15
189,6,32,46
189,7,50,20
189,8,32,10
189,9,28,30
190,1,30,18
190,2,29,40
190,3,7,33
190,4,14,13
190,5,38,14
190,6,32,45
190,7,50,21
190,8,33,10
190,9,27,29
191,1,29,17
191,2,30,41
191,3,7,32
191,4,14,14
191,5,37,13
191,6,31,44
191,7,50,22
191,8,33,9
191,9,26,29
192,1,30,18
192,2,30,42
192,3,8,33
192,4,15,15
192,5,36,14
192,6,30,44
192,7,49,23
192,8,34,10
192,9,27,30
193,1,30,17
193,2,31,42
193,3,9,33
193,4,14,15
193,5,35,14
193,6,29,43
193,7,50,23
193,8,33,9
193,9,27,29
194,1,31,17
194,2,30,43
194,3,8,34
194,4,15,14
194,5,36,13
194,6,30,44
194,7,49,23
194,8,33,8
194,9,26,29
195,1,31,18
195,2,29,43
195,3,7,35
195,4,14,14
195,5,36,14
195,6,31,45
195,7,49,24
195,8,32,8
195,9,27,30
196,1,30,19
196,2,30,42
196,3,8,36
196,4,15,14
196,5,36,13
196,6,31,46
196,7,50,24
196,8,33,8
196,9,26,29
197,1,29,18
197,2,29,42
197,3,8,37
197,4,16,14
197,5,37,14
197,6,31,45
197,7,50,23
197,8,33,7
197,9,27,30
198,1,29,17
198,2,29,41
198,3,9,38
198,4,15,14
198,5,36,13
198,6,32,45
198,7,49,22
198,8,32,7
198,9,28,30
199,1,28,18
199,2,28,41
199,3,9,39
199,4,15,13
199,5,36,14
199,6,32,44
199,7,50,22
199,8,31,8
199,9,29,30
200,1,29,18
200,2,27,42
200,3,8,40
200,4,16,12
200,5,37,14
200,6,32,45
200,7,49,21
200,8,32,9
200,9,30,31
201,1,29,19
201,2,28,42
201,3,9,41
201,4,16,13
201,5,37,13
201,6,33,46
201,7,50,21
201,8,33,10
201,9,30,32
